"17,90","0,2","17,90","0,05"
"20,59","0,22","21,48","0,06"
"23,67","0,24","25,78","0,07"
"27,22","0,27","30,93","0,09"
"31,31","0,29","37,12","0,10"
"36,00","0,32","44,54","0,12"
"41,40","0,35","53,45","0,15"
"47,61","0,39","64,14","0,18"
"54,76","0,43","76,97","0,21"
"62,97","0,47","92,36","0,26"
"72,42","0,52","110,83","0,31"
"83,28","0,57","133,00","0,37"
"95,77","0,63","159,60","0,45"
"110,13","0,69","191,52","0,53"
"126,66","0,76","229,82","0,64"
"145,65","0,84","275,79","0,77"
"167,50","0,92","330,94","0,92"
"192,63","1,01","397,13","1,11"
"221,52","1,11","476,56","1,33"
"254,75","1,22","571,87","1,60"
"292,96","1,35","686,24","1,92"
"150,00","1,48","823,49","0,80"
"172,50","1,63","988,19","0,96"
"198,38","1,79","1185,83","1,15"
"228,13","1,97","1422,99","1,38"
"262,35","2,17","150,00","1,66"
"301,70","2,38","180,00","1,99"
"346,96","2,62","216,00","2,39"
"399,00","2,88","259,20","2,87"
"458,85","3,17","311,04","3,44"
"527,68","3,49","373,25","4,13"
"19,00","3,84","447,90","4,95"
"21,85","4,22","537,48","5,94"
"25,13","4,65","644,97","7,13"
"28,90","5,11","773,97","8,56"
"33,23","5,62","928,76","10,27"
"38,22","6,18","1114,51","12,33"
"43,95","6,80","1337,42","14,79"
"50,54","7,48","1604,90","17,75"
"58,12","8,23","1925,88","7,00"
"66,84","9,05","150,00","8,40"
"76,87","9,96","180,00","10,08"
"88,40","10,95","216,00","12,10"
"101,65","12,05","259,20","14,52"
"116,90","13,25","311,04","17,42"
"134,44","14,58","373,25","20,90"
"154,60","16,04","447,90","25,08"
"177,79","17,64","537,48","30,10"
"204,46","19,40","644,97","7,00"
"235,13","21,34","773,97","8,40"
"270,40","23,48","928,76","10,08"
"310,96","25,83","1114,51","12,10"
"357,61","28,41","1337,42","14,52"
"411,25","31,25","1604,90","17,42"
"472,94","15,00","1925,88","20,90"
"543,88","16,50","150,00","25,08"
"625,46","18,15","180,00","30,10"
"719,28","19,97","216,00","36,12"
"827,17","21,96","259,20","43,34"
"951,25","24,16","311,04","52,01"
"1093,93","26,57","373,25","62,41"
"1258,02","29,23","447,90","74,90"
"1446,73","32,15","537,48","7,00"
"1663,74","35,37","644,97","8,40"
"1913,30","38,91","773,97","10,08"
"2200,29","42,80","928,76","12,10"
"2530,33","47,08","1114,51","14,52"
"300,00","51,78","1337,42","17,42"
"345,00","56,96","1604,90","20,90"
"396,75","62,66","1925,88","25,08"
"456,26","68,92","150,00","30,10"
"524,70","75,82","180,00","36,12"
"603,41","83,40","216,00","43,34"
"693,92","91,74","259,20","52,01"
"798,01","100,91","311,04","62,41"
"917,71","30,00","373,25","74,90"
"1055,36","33,00","447,90","7,00"
"1213,67","36,30","537,48","8,40"
"1395,72","39,93","644,97","10,08"
"1605,08","43,92","773,97","12,10"
"1845,84","48,32","928,76","14,52"
"2122,71","53,15","1114,51","17,42"
"2441,12","58,46","1337,42","20,90"
"500,00","64,31","1604,90","25,08"
"575,00","70,74","1925,88","30,10"
"661,25","77,81","150,00","36,12"
"760,44","85,59","180,00","43,34"
"874,50","94,15","216,00","52,01"
"1005,68","103,57","259,20","62,41"
"1156,53","113,92","311,04","74,90"
"1330,01","125,32","373,25","7,00"
"1529,51","137,85","447,90","8,40"
"1758,94","151,63","537,48","10,08"
"2022,78","166,80","644,97","12,10"
"2326,20","183,48","773,97","14,52"
"2675,13","201,82","928,76","17,42"
"3076,39","50,00","1114,51","20,90"
"3537,85","55,00","1337,42","25,08"
"4068,53","60,50","1604,90","30,10"
"4678,81","66,55","1925,88","36,12"
"500,00","73,21",,"43,34"
"575,00","80,53",,"52,01"
"661,25","88,58",,"62,41"
"760,44","97,44",,"74,90"
"874,50","107,18",,
"1005,68","117,90",,
"1156,53","129,69",,
"1330,01","142,66",,
"1529,51","156,92",,
"1758,94","172,61",,
"2022,78","189,87",,
"2326,20","208,86",,
"2675,13","229,75",,
"3076,39","252,72",,
"500,00","278,00",,
"575,00","305,80",,
"661,25","336,37",,
"760,44","370,01",,
"874,50","407,01",,
"1005,68","447,72",,
"1156,53","492,49",,
"1330,01","50,00",,
"1529,51","55,00",,
"1758,94","60,50",,
"2022,78","66,55",,
"2326,20","73,21",,
"2675,13","80,53",,
"3076,39","88,58",,
"3537,85","97,44",,
"4068,53","107,18",,
"4678,81","117,90",,
"5380,63","129,69",,
"6187,73","142,66",,
"7115,89","156,92",,
"750,00","172,61",,
"862,50","189,87",,
"991,88","208,86",,
"1140,66","229,75",,
"1311,75","252,72",,
"1508,52","278,00",,
"1734,80","305,80",,
"1995,01","336,37",,
"2294,27","370,01",,
"2638,41","407,01",,
"3034,17","75,00",,
"3489,29","82,50",,
"4012,69","90,75",,
"4614,59","99,83",,
"5306,78","109,81",,
"6102,80","120,79",,
"7018,22","132,87",,
"8070,95","146,15",,
"750,00","160,77",,
"862,50","176,85",,
"991,88","194,53",,
"1140,66","213,98",,
"1311,75","235,38",,
"1508,52","258,92",,
"1734,80","284,81",,
"1995,01","313,29",,
"2294,27","344,62",,
"2638,41","379,09",,
"3034,17","416,99",,
"3489,29","458,69",,
"4012,69","504,56",,
"4614,59","100,00",,
"5306,78","110,00",,
"6102,80","121,00",,
"7018,22","133,10",,
"8070,95","146,41",,
"750,00","161,05",,
"862,50","177,16",,
"991,88","194,87",,
"1140,66","214,36",,
"1311,75","235,79",,
"1508,52","259,37",,
"1734,80","285,31",,
"1995,01","313,84",,
"2294,27","345,23",,
"2638,41","379,75",,
"3034,17","417,72",,
"3489,29","459,50",,
"4012,69","505,45",,
"4614,59","555,99",,
"5306,78","611,59",,
"6102,80","672,75",,
"7018,22","740,02",,
"8070,95","814,03",,
"750,00","100,00",,
"862,50","110,00",,
"991,88","121,00",,
"1140,66","133,10",,
"1311,75","146,41",,
"1508,52","161,05",,
"1734,80","177,16",,
"1995,01","194,87",,
"2294,27","214,36",,
"2638,41","235,79",,
"3034,17","259,37",,
"3489,29","285,31",,
"4614,59","313,84",,
"4012,69","345,23",,
"5306,78","379,75",,
"6102,80","417,72",,
"7018,22","459,50",,
"8070,95","505,45",,
"750,00","555,99",,
"862,50","611,59",,
"991,88","672,75",,
"1140,66","740,02",,
"1311,75","814,03",,
"1508,52","100,00",,
"1734,80","110,00",,
"1995,01","121,00",,
"2294,27","133,10",,
"2638,41","146,41",,
"3034,17","161,05",,
"3489,29","177,16",,
"4614,59","194,87",,
"4012,69","214,36",,
"5306,78","235,79",,
"6102,80","259,37",,
"7018,22","285,31",,
"8070,95","313,84",,
"750,00","345,23",,
"862,50","379,75",,
"991,88","417,72",,
"1140,66","459,50",,
"1311,75","505,45",,
"1508,52","555,99",,
"1734,80","611,59",,
"1995,01","672,75",,
"2294,27","740,02",,
"2638,41","814,03",,
"3034,17","100,00",,
"3489,29","110,00",,
"4614,59","121,00",,
"4012,69","133,10",,
"5306,78","146,41",,
"6102,80","161,05",,
"7018,22","177,16",,
"8070,95","194,87",,