"20,00","0,3","17,90","0,1"
"22,00","0,32","21,48","0,11"
"24,20","0,35","25,78","0,11"
"26,62","0,38","30,93","0,12"
"29,28","0,41","37,12","0,12"
"32,21","0,44","44,54","0,13"
"35,43","0,48","53,45","0,13"
"38,97","0,51","64,14","0,14"
"42,87","0,56","76,97","0,15"
"47,16","0,60","92,36","0,16"
"51,87","0,65","110,83","0,16"
"57,06","0,70","133,00","0,17"
"62,77","0,76","159,60","0,18"
"69,05","0,82","191,52","0,19"
"75,95","0,88","229,82","0,20"
"83,54","0,95","275,79","0,21"
"91,90","1,03","330,94","0,22"
"101,09","1,11","397,13","0,23"
"111,20","1,20","476,56","0,24"
"122,32","1,29","571,87","0,25"
"134,55","1,40","686,24","0,27"
"148,00","1,51","823,49","0,28"
"162,81","1,63","988,19","0,29"
"179,09","1,76","1185,83","0,31"
"196,99","1,90","1422,99","0,32"
"216,69","2,05","150,00","0,34"
"238,36","2,22","180,00","0,36"
"262,20","2,40","216,00","0,37"
"288,42","2,59","259,20","0,39"
"317,26","2,80","311,04","0,41"
"348,99","3,02","373,25","0,43"
"383,89","3,26","447,90","0,45"
"422,28","3,52","537,48","0,48"
"464,50","3,80","644,97","0,50"
"510,95","4,11","773,97","0,53"
"400,00","4,44","928,76","0,55"
"440,00","4,79","1114,51","0,58"
"484,00","5,17","1337,42","0,61"
"532,40","5,59","1604,90","0,64"
"585,64","6,03","1925,88","0,67"
"644,20","6,52","150,00","0,70"
"708,62","7,04","180,00","0,74"
"779,49","7,60","216,00","0,78"
"857,44","8,21","259,20","0,81"
"943,18","8,87","311,04","0,86"
"1037,50","9,58","373,25","0,90"
"1141,25","10,34","447,90","0,94"
"1255,37","11,17","537,48","0,99"
"1380,91","12,06","644,97","1,04"
"1519,00","13,03","773,97","1,09"
"1670,90","14,07","928,76","1,15"
"1837,99","15,20","1114,51","1,20"
"2021,79","16,41","1337,42","1,26"
"2223,97","17,72","1604,90","1,33"
"2446,36","19,14","1925,88","1,39"
"2691,00","20,67","150,00","1,46"
"2960,10","22,33","180,00","1,54"
"3256,11","24,11","216,00","1,61"
"3581,72","26,04","259,20","1,69"
"300,00","28,13","311,04","1,78"
"330,00","30,38","373,25","1,87"
"363,00","32,81","447,90","1,96"
"399,30","35,43","537,48","2,06"
"439,23","38,27","644,97","2,16"
"483,15","41,33","773,97","2,27"
"531,47","44,63","928,76","2,38"
"584,62","48,20","1114,51","2,50"
"643,08","50,00","1337,42","2,63"
"707,38","54,00","1604,90","2,76"
"778,12","58,32","1925,88","2,90"
"855,94","62,99","150,00","3,04"
"941,53","30,00","180,00","3,19"
"1035,68","32,40","216,00","3,35"
"1139,25","34,99","259,20","3,52"
"1253,17","37,79","311,04","3,70"
"1378,49","40,81","373,25","3,88"
"1516,34","44,08","447,90","4,08"
"1667,98","47,61","537,48","4,28"
"1834,77","51,41","644,97","4,50"
"2018,25","55,53","773,97","4,72"
"2220,07","59,97","928,76","4,96"
"2442,08","64,77","1114,51","5,20"
"2686,29","69,95","1337,42","5,46"
"2954,92","75,55","1604,90","5,74"
"3250,41","81,59","1925,88","6,02"
"3575,45","88,12","150,00","6,33"
"3933,00","95,17","180,00","6,64"
"4326,30","102,78","216,00","6,97"
"300,00","50,00","259,20","7,32"
"330,00","54,00","311,04","7,69"
"363,00","58,32","373,25","8,07"
"399,30","62,99","447,90","8,48"
"439,23","68,02","537,48","8,90"
"483,15","73,47","644,97","9,35"
"531,47","79,34","773,97","9,81"
"584,62","85,69","928,76","10,30"
"643,08","92,55","1114,51","10,82"
"707,38","99,95","1337,42","11,36"
"778,12","107,95","1604,90","11,93"
"855,94","116,58","1925,88","12,52"
"941,53","125,91",,"13,15"
"1035,68","135,98",,"13,81"
"1139,25","146,86",,"14,50"
"1253,17","158,61",,"15,22"
"1378,49","171,30",,"15,98"
"1516,34","185,00",,"16,78"
"1667,98","199,80",,"17,62"
"1834,77","50,00",,"18,50"
"2018,25","54,00",,"19,43"
"2220,07","58,32",,"20,40"
"2442,08","62,99",,"21,42"
"2686,29","68,02",,"22,49"
"2954,92","73,47",,"23,62"
"3250,41","79,34",,"24,80"
"3575,45","85,69",,"26,04"
"3933,00","92,55",,"27,34"
"4326,30","99,95",,"28,71"
"4758,93","107,95",,"30,14"
"5234,82","116,58",,"31,65"
"1000,00","125,91",,"33,23"
"1100,00","135,98",,"34,89"
"1210,00","146,86",,"36,64"
"1331,00","158,61",,"38,47"
"1464,10","171,30",,"40,39"
"1610,51","185,00",,"42,41"
"1771,56","199,80",,"44,53"
"1948,72","215,79",,"46,76"
"2143,59","233,05",,"49,10"
"2357,95","251,69",,"51,55"
"2593,74","271,83",,"54,13"
"2853,12","293,57",,"56,83"
"3138,43","50,00",,"59,68"
"3452,27","54,00",,"62,66"
"3797,50","58,32",,"65,79"
"4177,25","62,99",,"69,08"
"4594,97","68,02",,"72,54"
"5054,47","73,47",,"76,16"
"5559,92","79,34",,"79,97"
"6115,91","85,69",,"83,97"
"6727,50","92,55",,"88,17"
"7400,25","99,95",,"92,58"
"1000,00","107,95",,"97,21"
"1100,00","116,58",,"102,07"
"1210,00","125,91",,"107,17"
"1331,00","135,98",,"112,53"
"1464,10","146,86",,"118,15"
"1610,51","158,61",,"124,06"
"1771,56","171,30",,"130,26"
"1948,72","185,00",,"136,78"
"2143,59","199,80",,"143,62"
"2357,95","215,79",,"150,80"
"2593,74","233,05",,"158,34"
"2853,12","251,69",,"166,25"
"3138,43","80,00",,"174,57"
"3452,27","86,40",,"183,30"
"3797,50","93,31",,"192,46"
"4177,25","100,78",,"202,08"
"4594,97","108,84",,"212,19"
"5054,47","117,55",,"222,80"
"5559,92","126,95",,"233,94"
"6115,91","137,11",,"245,63"
"6727,50","148,07",,"257,92"
"7400,25","159,92",,"270,81"
"1000,00","172,71",,"284,35"
"1100,00","186,53",,"298,57"
"1210,00","201,45",,"313,50"
"1331,00","217,57",,"329,17"
"1464,10","234,98",,"345,63"
"1610,51","253,77",,"362,91"
"1771,56","274,08",,"381,06"
"1948,72","296,00",,"400,11"
"2143,59","319,68",,"420,12"
"2357,95","100,00",,"441,12"
"2593,74","108,00",,"463,18"
"2853,12","116,64",,"486,34"
"3138,43","125,97",,"510,65"
"3452,27","136,05",,"536,19"
"3797,50","146,93",,"563,00"
"4177,25","158,69",,"591,15"
"4594,97","171,38",,"620,70"
"5054,47","185,09",,"651,74"
"5559,92","199,90",,"684,33"
"6115,91","215,89",,"718,54"
"6727,50","233,16",,"754,47"
"7400,25","251,82",,"792,19"
"1000,00","271,96",,"831,80"
"1100,00","293,72",,"873,39"
"1210,00","317,22",,"917,06"
"1331,00","342,59",,"962,92"
"1464,10","370,00",,"1011,06"
"1610,51","399,60",,
"1771,56","431,57",,
"1948,72","466,10",,
"2143,59","503,38",,
"2357,95","120,00",,
"2593,74","129,60",,
"2853,12","139,97",,
"3138,43","151,17",,
"3452,27","163,26",,
"3797,50","176,32",,
"4177,25","190,42",,
"4594,97","205,66",,
"5054,47","222,11",,
"5559,92","239,88",,
"6115,91","259,07",,
"6727,50","279,80",,
"7400,25","302,18",,
"8140,27","326,35",,
"8954,30","352,46",,